-- =============================================================================
-- GLPI CY Tech - Schema applicatif (VERSION ULTRA-VIERGE / SANS INDEX)
-- =============================================================================

-- =============================================================================
-- 1. SUPPRESSION DES TABLES EXISTANTES
-- =============================================================================
DROP TABLE glpi_tickets        CASCADE CONSTRAINTS;
DROP TABLE glpi_computers      CASCADE CONSTRAINTS;
DROP TABLE glpi_printers       CASCADE CONSTRAINTS;
DROP TABLE glpi_equipments     CASCADE CONSTRAINTS;
DROP TABLE glpi_profilerights  CASCADE CONSTRAINTS;
DROP TABLE glpi_ipaddresses    CASCADE CONSTRAINTS;
DROP TABLE glpi_networks       CASCADE CONSTRAINTS;
DROP TABLE glpi_profiles_users CASCADE CONSTRAINTS;
DROP TABLE glpi_profiles       CASCADE CONSTRAINTS;
DROP TABLE glpi_users          CASCADE CONSTRAINTS;
DROP TABLE glpi_locations      CASCADE CONSTRAINTS;
DROP TABLE glpi_entities       CASCADE CONSTRAINTS;
DROP TABLE glpi_history        CASCADE CONSTRAINTS;

-- =============================================================================
-- 2. CREATION DES TABLES
-- =============================================================================

CREATE TABLE glpi_entities (
  id       NUMBER GENERATED BY DEFAULT AS IDENTITY PRIMARY KEY,
  name     VARCHAR2(255),
  address  VARCHAR2(4000),
  postcode VARCHAR2(255),
  town     VARCHAR2(255)
);

INSERT INTO glpi_entities (id, name) VALUES (1, 'CERGY');
INSERT INTO glpi_entities (id, name) VALUES (2, 'PAU');
COMMIT;

CREATE TABLE glpi_locations (
  id          NUMBER GENERATED BY DEFAULT AS IDENTITY PRIMARY KEY,
  entities_id NUMBER NOT NULL,
  name        VARCHAR2(255),
  lvl         NUMBER DEFAULT 0 NOT NULL,
  CONSTRAINT chk_loc_ent CHECK (entities_id IN (1, 2))
);

CREATE TABLE glpi_users (
  id           NUMBER GENERATED BY DEFAULT AS IDENTITY PRIMARY KEY,
  pseudo       VARCHAR2(255),
  realname     VARCHAR2(255),
  firstname    VARCHAR2(255),
  locations_id NUMBER DEFAULT NULL,
  is_active    NUMBER(1) DEFAULT 1 NOT NULL,
  entities_id  NUMBER NOT NULL,
  CONSTRAINT chk_usr_ent CHECK (entities_id IN (1, 2))
);

CREATE TABLE glpi_profiles (
  id        NUMBER GENERATED BY DEFAULT AS IDENTITY PRIMARY KEY,
  name      VARCHAR2(255),
  interface VARCHAR2(255) DEFAULT 'helpdesk'
);

CREATE TABLE glpi_profiles_users (
  id          NUMBER GENERATED BY DEFAULT AS IDENTITY PRIMARY KEY,
  users_id    NUMBER NOT NULL,
  profiles_id NUMBER NOT NULL,
  entities_id NUMBER NOT NULL,
  CONSTRAINT chk_pu_ent CHECK (entities_id IN (1, 2))
);

CREATE TABLE glpi_networks (
  id          NUMBER GENERATED BY DEFAULT AS IDENTITY PRIMARY KEY,
  name        VARCHAR2(255),
  entities_id NUMBER NOT NULL,
  CONSTRAINT chk_net_ent CHECK (entities_id IN (1, 2))
);

CREATE TABLE glpi_profilerights (
  id          NUMBER GENERATED BY DEFAULT AS IDENTITY PRIMARY KEY,
  profiles_id NUMBER NOT NULL,
  name        VARCHAR2(255),
  rights      NUMBER DEFAULT 0 NOT NULL
);

CREATE TABLE glpi_ipaddresses (
  id          NUMBER GENERATED BY DEFAULT AS IDENTITY PRIMARY KEY,
  name        VARCHAR2(255),
  networks_id NUMBER DEFAULT NULL
);

CREATE TABLE glpi_equipments (
  id             NUMBER GENERATED BY DEFAULT AS IDENTITY PRIMARY KEY,
  name           VARCHAR2(255),
  itemtype       VARCHAR2(100) NOT NULL,
  entities_id    NUMBER NOT NULL,
  locations_id   NUMBER DEFAULT NULL,
  ipaddresses_id NUMBER DEFAULT NULL,
  CONSTRAINT chk_equip_ent_id  CHECK (entities_id IN (1, 2)),
  CONSTRAINT chk_equip_itemtype CHECK (itemtype IN ('Computer', 'Printer'))
);

CREATE TABLE glpi_computers (
  id            NUMBER NOT NULL PRIMARY KEY,
  serial        VARCHAR2(255),
  users_id_tech NUMBER DEFAULT NULL,
  users_id      NUMBER DEFAULT NULL,
  states_id     NUMBER DEFAULT NULL,
  CONSTRAINT fk_comp_inherit FOREIGN KEY (id)
    REFERENCES glpi_equipments(id) ON DELETE CASCADE
);

CREATE TABLE glpi_printers (
  id            NUMBER NOT NULL PRIMARY KEY,
  serial        VARCHAR2(255),
  users_id_tech NUMBER DEFAULT NULL,
  users_id      NUMBER DEFAULT NULL,
  states_id     NUMBER DEFAULT NULL,
  CONSTRAINT fk_print_inherit FOREIGN KEY (id)
    REFERENCES glpi_equipments(id) ON DELETE CASCADE
);

CREATE TABLE glpi_tickets (
  id           NUMBER GENERATED BY DEFAULT AS IDENTITY PRIMARY KEY,
  name         VARCHAR2(255),
  content      CLOB,
  date_issue   TIMESTAMP DEFAULT CURRENT_TIMESTAMP,
  status       NUMBER DEFAULT 1 NOT NULL,
  entities_id  NUMBER NOT NULL,
  locations_id NUMBER DEFAULT NULL,
  equipment_id NUMBER DEFAULT NULL,
  users_id     NUMBER DEFAULT NULL,
  CONSTRAINT chk_ticket_ent  CHECK (entities_id IN (1, 2)),
  CONSTRAINT chk_tick_status CHECK (status IN (1, 2, 3, 4, 5))
);

-- =============================================================================
-- 3. CLES ETRANGERES
-- =============================================================================

ALTER TABLE glpi_equipments ADD CONSTRAINT fk_equip_ent FOREIGN KEY (entities_id) REFERENCES glpi_entities(id);
ALTER TABLE glpi_equipments ADD CONSTRAINT fk_equip_loc FOREIGN KEY (locations_id) REFERENCES glpi_locations(id);
ALTER TABLE glpi_equipments ADD CONSTRAINT fk_equip_ip FOREIGN KEY (ipaddresses_id) REFERENCES glpi_ipaddresses(id);

ALTER TABLE glpi_computers ADD CONSTRAINT fk_comp_user FOREIGN KEY (users_id) REFERENCES glpi_users(id);
ALTER TABLE glpi_computers ADD CONSTRAINT fk_comp_tech FOREIGN KEY (users_id_tech) REFERENCES glpi_users(id);

ALTER TABLE glpi_printers ADD CONSTRAINT fk_print_user FOREIGN KEY (users_id) REFERENCES glpi_users(id);
ALTER TABLE glpi_printers ADD CONSTRAINT fk_print_tech FOREIGN KEY (users_id_tech) REFERENCES glpi_users(id);

ALTER TABLE glpi_tickets ADD CONSTRAINT fk_tick_equip FOREIGN KEY (equipment_id) REFERENCES glpi_equipments(id);
ALTER TABLE glpi_tickets ADD CONSTRAINT fk_tick_entity FOREIGN KEY (entities_id) REFERENCES glpi_entities(id);
ALTER TABLE glpi_tickets ADD CONSTRAINT fk_tick_location FOREIGN KEY (locations_id) REFERENCES glpi_locations(id);
ALTER TABLE glpi_tickets ADD CONSTRAINT fk_tick_user FOREIGN KEY (users_id) REFERENCES glpi_users(id);

ALTER TABLE glpi_ipaddresses ADD CONSTRAINT fk_ip_net FOREIGN KEY (networks_id) REFERENCES glpi_networks(id);
ALTER TABLE glpi_networks ADD CONSTRAINT fk_net_ent FOREIGN KEY (entities_id) REFERENCES glpi_entities(id);
ALTER TABLE glpi_locations ADD CONSTRAINT fk_loc_entity FOREIGN KEY (entities_id) REFERENCES glpi_entities(id);

ALTER TABLE glpi_users ADD CONSTRAINT fk_usr_entity FOREIGN KEY (entities_id) REFERENCES glpi_entities(id);
ALTER TABLE glpi_users ADD CONSTRAINT fk_usr_location FOREIGN KEY (locations_id) REFERENCES glpi_locations(id);

ALTER TABLE glpi_profiles_users ADD CONSTRAINT fk_pu_user FOREIGN KEY (users_id) REFERENCES glpi_users(id);
ALTER TABLE glpi_profiles_users ADD CONSTRAINT fk_pu_profile FOREIGN KEY (profiles_id) REFERENCES glpi_profiles(id);
ALTER TABLE glpi_profiles_users ADD CONSTRAINT fk_pu_entity FOREIGN KEY (entities_id) REFERENCES glpi_entities(id);

ALTER TABLE glpi_profilerights ADD CONSTRAINT fk_profrights_profile FOREIGN KEY (profiles_id) REFERENCES glpi_profiles(id);

-- =============================================================================
-- 4. CONTRAINTES CHECK SUPPLEMENTAIRES
-- =============================================================================

ALTER TABLE glpi_computers ADD CONSTRAINT chk_comp_states CHECK (states_id IN (1, 2, 3, 4));
ALTER TABLE glpi_printers ADD CONSTRAINT chk_print_states CHECK (states_id IN (1, 2, 3, 4));




-- =============================================================================
-- GLPI CY Tech - Donnees initiales (VERSION VIERGE / SANS PROCEDURES)
-- =============================================================================

-- =============================================================================
-- 1. PROFILS GLPI
-- =============================================================================
INSERT INTO glpi_profiles (name, interface) VALUES ('Administrateur', 'central');
INSERT INTO glpi_profiles (name, interface) VALUES ('Technicien',     'central');
INSERT INTO glpi_profiles (name, interface) VALUES ('Lecture seule',  'helpdesk');

-- =============================================================================
-- 2. DROITS PAR PROFIL (glpi_profilerights)
-- =============================================================================

-- ---- Profil Administrateur (id=1) -------------------------------------------
INSERT INTO glpi_profilerights (profiles_id, name, rights) VALUES (1, 'v_admin_tickets_en_retard',    1);
INSERT INTO glpi_profilerights (profiles_id, name, rights) VALUES (1, 'v_admin_equipements_inactifs', 1);
INSERT INTO glpi_profilerights (profiles_id, name, rights) VALUES (1, 'v_admin_charge_techniciens',   1);
INSERT INTO glpi_profilerights (profiles_id, name, rights) VALUES (1, 'mv_charge_techniciens',        1);
INSERT INTO glpi_profilerights (profiles_id, name, rights) VALUES (1, 'mv_read_parc_par_site',        1);
INSERT INTO glpi_profilerights (profiles_id, name, rights) VALUES (1, 'ajouter_utilisateur_lambda',       1);
INSERT INTO glpi_profilerights (profiles_id, name, rights) VALUES (1, 'ajouter_technicien',               1);
INSERT INTO glpi_profilerights (profiles_id, name, rights) VALUES (1, 'ajouter_admin',                    1);
INSERT INTO glpi_profilerights (profiles_id, name, rights) VALUES (1, 'supprimer_utilisateur_lambda',     1);
INSERT INTO glpi_profilerights (profiles_id, name, rights) VALUES (1, 'supprimer_technicien',             1);
INSERT INTO glpi_profilerights (profiles_id, name, rights) VALUES (1, 'supprimer_admin',                  1);
INSERT INTO glpi_profilerights (profiles_id, name, rights) VALUES (1, 'ajouter_lambda_autre_site',        1);
INSERT INTO glpi_profilerights (profiles_id, name, rights) VALUES (1, 'ajouter_tech_ou_admin_autre_site', 1);
INSERT INTO glpi_profilerights (profiles_id, name, rights) VALUES (1, 'ajouter_equipement',               1);
INSERT INTO glpi_profilerights (profiles_id, name, rights) VALUES (1, 'changer_statut_equipement',        1);
INSERT INTO glpi_profilerights (profiles_id, name, rights) VALUES (1, 'affecter_localisation_equipement', 1);
INSERT INTO glpi_profilerights (profiles_id, name, rights) VALUES (1, 'affecter_technicien_equipement',   1);
INSERT INTO glpi_profilerights (profiles_id, name, rights) VALUES (1, 'modifier_statut_ticket',           1);
INSERT INTO glpi_profilerights (profiles_id, name, rights) VALUES (1, 'v_global_equipements',       1);
INSERT INTO glpi_profilerights (profiles_id, name, rights) VALUES (1, 'v_global_users',             1);
INSERT INTO glpi_profilerights (profiles_id, name, rights) VALUES (1, 'v_global_tickets',           1);
INSERT INTO glpi_profilerights (profiles_id, name, rights) VALUES (1, 'creer_ticket',               0);
INSERT INTO glpi_profilerights (profiles_id, name, rights) VALUES (1, 'v_tech_tickets_actifs',      0);
INSERT INTO glpi_profilerights (profiles_id, name, rights) VALUES (1, 'v_read_tickets_non_resolus', 0);

-- ---- Profil Technicien (id=2) -----------------------------------------------
INSERT INTO glpi_profilerights (profiles_id, name, rights) VALUES (2, 'v_tech_tickets_actifs', 1);
INSERT INTO glpi_profilerights (profiles_id, name, rights) VALUES (2, 'ajouter_equipement',               1);
INSERT INTO glpi_profilerights (profiles_id, name, rights) VALUES (2, 'changer_statut_equipement',        1);
INSERT INTO glpi_profilerights (profiles_id, name, rights) VALUES (2, 'affecter_localisation_equipement', 1);
INSERT INTO glpi_profilerights (profiles_id, name, rights) VALUES (2, 'modifier_statut_ticket',           1);
INSERT INTO glpi_profilerights (profiles_id, name, rights) VALUES (2, 'ajouter_utilisateur_lambda',       0);
INSERT INTO glpi_profilerights (profiles_id, name, rights) VALUES (2, 'ajouter_technicien',               0);
INSERT INTO glpi_profilerights (profiles_id, name, rights) VALUES (2, 'ajouter_admin',                    0);
INSERT INTO glpi_profilerights (profiles_id, name, rights) VALUES (2, 'supprimer_utilisateur_lambda',     0);
INSERT INTO glpi_profilerights (profiles_id, name, rights) VALUES (2, 'supprimer_technicien',             0);
INSERT INTO glpi_profilerights (profiles_id, name, rights) VALUES (2, 'supprimer_admin',                  0);
INSERT INTO glpi_profilerights (profiles_id, name, rights) VALUES (2, 'ajouter_lambda_autre_site',        0);
INSERT INTO glpi_profilerights (profiles_id, name, rights) VALUES (2, 'ajouter_tech_ou_admin_autre_site', 0);
INSERT INTO glpi_profilerights (profiles_id, name, rights) VALUES (2, 'affecter_technicien_equipement',   0);
INSERT INTO glpi_profilerights (profiles_id, name, rights) VALUES (2, 'creer_ticket',                     0);
INSERT INTO glpi_profilerights (profiles_id, name, rights) VALUES (2, 'v_admin_tickets_en_retard',        0);
INSERT INTO glpi_profilerights (profiles_id, name, rights) VALUES (2, 'v_admin_equipements_inactifs',     0);
INSERT INTO glpi_profilerights (profiles_id, name, rights) VALUES (2, 'v_admin_charge_techniciens',       0);
INSERT INTO glpi_profilerights (profiles_id, name, rights) VALUES (2, 'mv_charge_techniciens',            0);
INSERT INTO glpi_profilerights (profiles_id, name, rights) VALUES (2, 'v_read_tickets_non_resolus',       0);
INSERT INTO glpi_profilerights (profiles_id, name, rights) VALUES (2, 'mv_read_parc_par_site',            0);
INSERT INTO glpi_profilerights (profiles_id, name, rights) VALUES (2, 'v_global_equipements',             0);
INSERT INTO glpi_profilerights (profiles_id, name, rights) VALUES (2, 'v_global_users',                   0);
INSERT INTO glpi_profilerights (profiles_id, name, rights) VALUES (2, 'v_global_tickets',                 0);

-- ---- Profil Lecture seule (id=3) --------------------------------------------
INSERT INTO glpi_profilerights (profiles_id, name, rights) VALUES (3, 'v_read_tickets_non_resolus', 1);
INSERT INTO glpi_profilerights (profiles_id, name, rights) VALUES (3, 'mv_read_parc_par_site',      1);
INSERT INTO glpi_profilerights (profiles_id, name, rights) VALUES (3, 'v_global_equipements',       1);
INSERT INTO glpi_profilerights (profiles_id, name, rights) VALUES (3, 'v_global_users',             1);
INSERT INTO glpi_profilerights (profiles_id, name, rights) VALUES (3, 'v_global_tickets',           1);
INSERT INTO glpi_profilerights (profiles_id, name, rights) VALUES (3, 'v_tech_tickets_actifs',            0);
INSERT INTO glpi_profilerights (profiles_id, name, rights) VALUES (3, 'v_admin_tickets_en_retard',        0);
INSERT INTO glpi_profilerights (profiles_id, name, rights) VALUES (3, 'v_admin_equipements_inactifs',     0);
INSERT INTO glpi_profilerights (profiles_id, name, rights) VALUES (3, 'v_admin_charge_techniciens',       0);
INSERT INTO glpi_profilerights (profiles_id, name, rights) VALUES (3, 'mv_charge_techniciens',            0);
INSERT INTO glpi_profilerights (profiles_id, name, rights) VALUES (3, 'ajouter_utilisateur_lambda',       0);
INSERT INTO glpi_profilerights (profiles_id, name, rights) VALUES (3, 'ajouter_technicien',               0);
INSERT INTO glpi_profilerights (profiles_id, name, rights) VALUES (3, 'ajouter_admin',                    0);
INSERT INTO glpi_profilerights (profiles_id, name, rights) VALUES (3, 'supprimer_utilisateur_lambda',     0);
INSERT INTO glpi_profilerights (profiles_id, name, rights) VALUES (3, 'supprimer_technicien',             0);
INSERT INTO glpi_profilerights (profiles_id, name, rights) VALUES (3, 'supprimer_admin',                  0);
INSERT INTO glpi_profilerights (profiles_id, name, rights) VALUES (3, 'ajouter_lambda_autre_site',        0);
INSERT INTO glpi_profilerights (profiles_id, name, rights) VALUES (3, 'ajouter_tech_ou_admin_autre_site', 0);
INSERT INTO glpi_profilerights (profiles_id, name, rights) VALUES (3, 'ajouter_equipement',               0);
INSERT INTO glpi_profilerights (profiles_id, name, rights) VALUES (3, 'changer_statut_equipement',        0);
INSERT INTO glpi_profilerights (profiles_id, name, rights) VALUES (3, 'affecter_localisation_equipement', 0);
INSERT INTO glpi_profilerights (profiles_id, name, rights) VALUES (3, 'affecter_technicien_equipement',   0);
INSERT INTO glpi_profilerights (profiles_id, name, rights) VALUES (3, 'modifier_statut_ticket',           0);
INSERT INTO glpi_profilerights (profiles_id, name, rights) VALUES (3, 'creer_ticket',                     0);

-- =============================================================================
-- 3. RESEAUX PAR SITE
-- =============================================================================
INSERT INTO glpi_networks (name, entities_id) VALUES ('10.1.0.0/24', 1);
INSERT INTO glpi_networks (name, entities_id) VALUES ('10.2.0.0/24', 2);

-- =============================================================================
-- 4. LOCALISATIONS DE BASE
-- =============================================================================
-- Cergy (entities_id = 1)
INSERT INTO glpi_locations (entities_id, name) VALUES (1, 'LOC-1');   -- Salle Informatique A101
INSERT INTO glpi_locations (entities_id, name) VALUES (1, 'LOC-2');   -- Salle Informatique A102
INSERT INTO glpi_locations (entities_id, name) VALUES (1, 'LOC-3');   -- Salle Informatique B201
INSERT INTO glpi_locations (entities_id, name) VALUES (1, 'LOC-4');   -- Bureau Technicien IT
INSERT INTO glpi_locations (entities_id, name) VALUES (1, 'LOC-5');   -- Salle de Cours C301
INSERT INTO glpi_locations (entities_id, name) VALUES (1, 'LOC-6');   -- Amphitheatre D001
INSERT INTO glpi_locations (entities_id, name) VALUES (1, 'LOC-7');   -- Bibliotheque E101
INSERT INTO glpi_locations (entities_id, name) VALUES (1, 'LOC-8');   -- Salle Serveurs

-- Pau (entities_id = 2)
INSERT INTO glpi_locations (entities_id, name) VALUES (2, 'LOC-9');   -- Salle Informatique P101
INSERT INTO glpi_locations (entities_id, name) VALUES (2, 'LOC-10');  -- Salle Informatique P102
INSERT INTO glpi_locations (entities_id, name) VALUES (2, 'LOC-11');  -- Salle Informatique P201
INSERT INTO glpi_locations (entities_id, name) VALUES (2, 'LOC-12');  -- Bureau Technicien IT
INSERT INTO glpi_locations (entities_id, name) VALUES (2, 'LOC-13');  -- Salle de Cours P301
INSERT INTO glpi_locations (entities_id, name) VALUES (2, 'LOC-14');  -- Amphitheatre P001
INSERT INTO glpi_locations (entities_id, name) VALUES (2, 'LOC-15');  -- Bibliotheque P101
INSERT INTO glpi_locations (entities_id, name) VALUES (2, 'LOC-16');  -- Salle Serveurs

COMMIT;





