-- =============================================================================
-- GLPI CY Tech - Schema applicatif (VERSION ULTRA-VIERGE / SANS INDEX)
-- =============================================================================

-- =============================================================================
-- 1. SUPPRESSION DES TABLES EXISTANTES
-- =============================================================================
DROP TABLE glpi_tickets        CASCADE CONSTRAINTS;
DROP TABLE glpi_computers      CASCADE CONSTRAINTS;
DROP TABLE glpi_printers       CASCADE CONSTRAINTS;
DROP TABLE glpi_equipments     CASCADE CONSTRAINTS;
DROP TABLE glpi_profilerights  CASCADE CONSTRAINTS;
DROP TABLE glpi_ipaddresses    CASCADE CONSTRAINTS;
DROP TABLE glpi_networks       CASCADE CONSTRAINTS;
DROP TABLE glpi_profiles_users CASCADE CONSTRAINTS;
DROP TABLE glpi_profiles       CASCADE CONSTRAINTS;
DROP TABLE glpi_users          CASCADE CONSTRAINTS;
DROP TABLE glpi_locations      CASCADE CONSTRAINTS;
DROP TABLE glpi_entities       CASCADE CONSTRAINTS;
DROP TABLE glpi_history        CASCADE CONSTRAINTS;

-- =============================================================================
-- 2. CREATION DES TABLES
-- =============================================================================

CREATE TABLE glpi_entities (
  id       NUMBER GENERATED BY DEFAULT AS IDENTITY PRIMARY KEY,
  name     VARCHAR2(255),
  address  VARCHAR2(4000),
  postcode VARCHAR2(255),
  town     VARCHAR2(255)
);

INSERT INTO glpi_entities (id, name) VALUES (1, 'CERGY');
INSERT INTO glpi_entities (id, name) VALUES (2, 'PAU');
COMMIT;

CREATE TABLE glpi_locations (
  id          NUMBER GENERATED BY DEFAULT AS IDENTITY PRIMARY KEY,
  entities_id NUMBER NOT NULL,
  name        VARCHAR2(255),
  lvl         NUMBER DEFAULT 0 NOT NULL,
  CONSTRAINT chk_loc_ent CHECK (entities_id IN (1, 2))
);

CREATE TABLE glpi_users (
  id           NUMBER GENERATED BY DEFAULT AS IDENTITY PRIMARY KEY,
  pseudo       VARCHAR2(255),
  realname     VARCHAR2(255),
  firstname    VARCHAR2(255),
  locations_id NUMBER DEFAULT NULL,
  is_active    NUMBER(1) DEFAULT 1 NOT NULL,
  entities_id  NUMBER NOT NULL,
  CONSTRAINT chk_usr_ent CHECK (entities_id IN (1, 2))
);

CREATE TABLE glpi_profiles (
  id        NUMBER GENERATED BY DEFAULT AS IDENTITY PRIMARY KEY,
  name      VARCHAR2(255),
  interface VARCHAR2(255) DEFAULT 'helpdesk'
);

CREATE TABLE glpi_profiles_users (
  id          NUMBER GENERATED BY DEFAULT AS IDENTITY PRIMARY KEY,
  users_id    NUMBER NOT NULL,
  profiles_id NUMBER NOT NULL,
  entities_id NUMBER NOT NULL,
  CONSTRAINT chk_pu_ent CHECK (entities_id IN (1, 2))
);

CREATE TABLE glpi_networks (
  id          NUMBER GENERATED BY DEFAULT AS IDENTITY PRIMARY KEY,
  name        VARCHAR2(255),
  entities_id NUMBER NOT NULL,
  CONSTRAINT chk_net_ent CHECK (entities_id IN (1, 2))
);

CREATE TABLE glpi_profilerights (
  id          NUMBER GENERATED BY DEFAULT AS IDENTITY PRIMARY KEY,
  profiles_id NUMBER NOT NULL,
  name        VARCHAR2(255),
  rights      NUMBER DEFAULT 0 NOT NULL
);

CREATE TABLE glpi_ipaddresses (
  id          NUMBER GENERATED BY DEFAULT AS IDENTITY PRIMARY KEY,
  name        VARCHAR2(255),
  networks_id NUMBER DEFAULT NULL
);

CREATE TABLE glpi_equipments (
  id             NUMBER GENERATED BY DEFAULT AS IDENTITY PRIMARY KEY,
  name           VARCHAR2(255),
  itemtype       VARCHAR2(100) NOT NULL,
  entities_id    NUMBER NOT NULL,
  locations_id   NUMBER DEFAULT NULL,
  ipaddresses_id NUMBER DEFAULT NULL,
  CONSTRAINT chk_equip_ent_id  CHECK (entities_id IN (1, 2)),
  CONSTRAINT chk_equip_itemtype CHECK (itemtype IN ('Computer', 'Printer'))
);

CREATE TABLE glpi_computers (
  id            NUMBER NOT NULL PRIMARY KEY,
  serial        VARCHAR2(255),
  users_id_tech NUMBER DEFAULT NULL,
  users_id      NUMBER DEFAULT NULL,
  states_id     NUMBER DEFAULT NULL,
  CONSTRAINT fk_comp_inherit FOREIGN KEY (id)
    REFERENCES glpi_equipments(id) ON DELETE CASCADE
);

CREATE TABLE glpi_printers (
  id            NUMBER NOT NULL PRIMARY KEY,
  serial        VARCHAR2(255),
  users_id_tech NUMBER DEFAULT NULL,
  users_id      NUMBER DEFAULT NULL,
  states_id     NUMBER DEFAULT NULL,
  CONSTRAINT fk_print_inherit FOREIGN KEY (id)
    REFERENCES glpi_equipments(id) ON DELETE CASCADE
);

CREATE TABLE glpi_tickets (
  id           NUMBER GENERATED BY DEFAULT AS IDENTITY PRIMARY KEY,
  name         VARCHAR2(255),
  content      CLOB,
  date_issue   TIMESTAMP DEFAULT CURRENT_TIMESTAMP,
  status       NUMBER DEFAULT 1 NOT NULL,
  entities_id  NUMBER NOT NULL,
  locations_id NUMBER DEFAULT NULL,
  equipment_id NUMBER DEFAULT NULL,
  users_id     NUMBER DEFAULT NULL,
  CONSTRAINT chk_ticket_ent  CHECK (entities_id IN (1, 2)),
  CONSTRAINT chk_tick_status CHECK (status IN (1, 2, 3, 4, 5))
);

-- =============================================================================
-- 3. CLES ETRANGERES
-- =============================================================================

ALTER TABLE glpi_equipments ADD CONSTRAINT fk_equip_ent FOREIGN KEY (entities_id) REFERENCES glpi_entities(id);
ALTER TABLE glpi_equipments ADD CONSTRAINT fk_equip_loc FOREIGN KEY (locations_id) REFERENCES glpi_locations(id);
ALTER TABLE glpi_equipments ADD CONSTRAINT fk_equip_ip FOREIGN KEY (ipaddresses_id) REFERENCES glpi_ipaddresses(id);

ALTER TABLE glpi_computers ADD CONSTRAINT fk_comp_user FOREIGN KEY (users_id) REFERENCES glpi_users(id);
ALTER TABLE glpi_computers ADD CONSTRAINT fk_comp_tech FOREIGN KEY (users_id_tech) REFERENCES glpi_users(id);

ALTER TABLE glpi_printers ADD CONSTRAINT fk_print_user FOREIGN KEY (users_id) REFERENCES glpi_users(id);
ALTER TABLE glpi_printers ADD CONSTRAINT fk_print_tech FOREIGN KEY (users_id_tech) REFERENCES glpi_users(id);

ALTER TABLE glpi_tickets ADD CONSTRAINT fk_tick_equip FOREIGN KEY (equipment_id) REFERENCES glpi_equipments(id);
ALTER TABLE glpi_tickets ADD CONSTRAINT fk_tick_entity FOREIGN KEY (entities_id) REFERENCES glpi_entities(id);
ALTER TABLE glpi_tickets ADD CONSTRAINT fk_tick_location FOREIGN KEY (locations_id) REFERENCES glpi_locations(id);
ALTER TABLE glpi_tickets ADD CONSTRAINT fk_tick_user FOREIGN KEY (users_id) REFERENCES glpi_users(id);

ALTER TABLE glpi_ipaddresses ADD CONSTRAINT fk_ip_net FOREIGN KEY (networks_id) REFERENCES glpi_networks(id);
ALTER TABLE glpi_networks ADD CONSTRAINT fk_net_ent FOREIGN KEY (entities_id) REFERENCES glpi_entities(id);
ALTER TABLE glpi_locations ADD CONSTRAINT fk_loc_entity FOREIGN KEY (entities_id) REFERENCES glpi_entities(id);

ALTER TABLE glpi_users ADD CONSTRAINT fk_usr_entity FOREIGN KEY (entities_id) REFERENCES glpi_entities(id);
ALTER TABLE glpi_users ADD CONSTRAINT fk_usr_location FOREIGN KEY (locations_id) REFERENCES glpi_locations(id);

ALTER TABLE glpi_profiles_users ADD CONSTRAINT fk_pu_user FOREIGN KEY (users_id) REFERENCES glpi_users(id);
ALTER TABLE glpi_profiles_users ADD CONSTRAINT fk_pu_profile FOREIGN KEY (profiles_id) REFERENCES glpi_profiles(id);
ALTER TABLE glpi_profiles_users ADD CONSTRAINT fk_pu_entity FOREIGN KEY (entities_id) REFERENCES glpi_entities(id);

ALTER TABLE glpi_profilerights ADD CONSTRAINT fk_profrights_profile FOREIGN KEY (profiles_id) REFERENCES glpi_profiles(id);

-- =============================================================================
-- 4. CONTRAINTES CHECK SUPPLEMENTAIRES
-- =============================================================================

ALTER TABLE glpi_computers ADD CONSTRAINT chk_comp_states CHECK (states_id IN (1, 2, 3, 4));
ALTER TABLE glpi_printers ADD CONSTRAINT chk_print_states CHECK (states_id IN (1, 2, 3, 4));




-- =============================================================================
-- GLPI CY Tech - Donnees initiales (VERSION VIERGE / SANS PROCEDURES)
-- =============================================================================

-- =============================================================================
-- 1. PROFILS GLPI
-- =============================================================================
INSERT INTO glpi_profiles (name, interface) VALUES ('Administrateur', 'central');
INSERT INTO glpi_profiles (name, interface) VALUES ('Technicien',     'central');
INSERT INTO glpi_profiles (name, interface) VALUES ('Lecture seule',  'helpdesk');

-- =============================================================================
-- 2. DROITS PAR PROFIL (glpi_profilerights)
-- =============================================================================

-- ---- Profil Administrateur (id=1) -------------------------------------------
INSERT INTO glpi_profilerights (profiles_id, name, rights) VALUES (1, 'v_admin_tickets_en_retard',    1);
INSERT INTO glpi_profilerights (profiles_id, name, rights) VALUES (1, 'v_admin_equipements_inactifs', 1);
INSERT INTO glpi_profilerights (profiles_id, name, rights) VALUES (1, 'v_admin_charge_techniciens',   1);
INSERT INTO glpi_profilerights (profiles_id, name, rights) VALUES (1, 'mv_charge_techniciens',        1);
INSERT INTO glpi_profilerights (profiles_id, name, rights) VALUES (1, 'mv_read_parc_par_site',        1);
INSERT INTO glpi_profilerights (profiles_id, name, rights) VALUES (1, 'ajouter_utilisateur_lambda',       1);
INSERT INTO glpi_profilerights (profiles_id, name, rights) VALUES (1, 'ajouter_technicien',               1);
INSERT INTO glpi_profilerights (profiles_id, name, rights) VALUES (1, 'ajouter_admin',                    1);
INSERT INTO glpi_profilerights (profiles_id, name, rights) VALUES (1, 'supprimer_utilisateur_lambda',     1);
INSERT INTO glpi_profilerights (profiles_id, name, rights) VALUES (1, 'supprimer_technicien',             1);
INSERT INTO glpi_profilerights (profiles_id, name, rights) VALUES (1, 'supprimer_admin',                  1);
INSERT INTO glpi_profilerights (profiles_id, name, rights) VALUES (1, 'ajouter_lambda_autre_site',        1);
INSERT INTO glpi_profilerights (profiles_id, name, rights) VALUES (1, 'ajouter_tech_ou_admin_autre_site', 1);
INSERT INTO glpi_profilerights (profiles_id, name, rights) VALUES (1, 'ajouter_equipement',               1);
INSERT INTO glpi_profilerights (profiles_id, name, rights) VALUES (1, 'changer_statut_equipement',        1);
INSERT INTO glpi_profilerights (profiles_id, name, rights) VALUES (1, 'affecter_localisation_equipement', 1);
INSERT INTO glpi_profilerights (profiles_id, name, rights) VALUES (1, 'affecter_technicien_equipement',   1);
INSERT INTO glpi_profilerights (profiles_id, name, rights) VALUES (1, 'modifier_statut_ticket',           1);
INSERT INTO glpi_profilerights (profiles_id, name, rights) VALUES (1, 'v_global_equipements',       1);
INSERT INTO glpi_profilerights (profiles_id, name, rights) VALUES (1, 'v_global_users',             1);
INSERT INTO glpi_profilerights (profiles_id, name, rights) VALUES (1, 'v_global_tickets',           1);
INSERT INTO glpi_profilerights (profiles_id, name, rights) VALUES (1, 'creer_ticket',               0);
INSERT INTO glpi_profilerights (profiles_id, name, rights) VALUES (1, 'v_tech_tickets_actifs',      0);
INSERT INTO glpi_profilerights (profiles_id, name, rights) VALUES (1, 'v_read_tickets_non_resolus', 0);

-- ---- Profil Technicien (id=2) -----------------------------------------------
INSERT INTO glpi_profilerights (profiles_id, name, rights) VALUES (2, 'v_tech_tickets_actifs', 1);
INSERT INTO glpi_profilerights (profiles_id, name, rights) VALUES (2, 'ajouter_equipement',               1);
INSERT INTO glpi_profilerights (profiles_id, name, rights) VALUES (2, 'changer_statut_equipement',        1);
INSERT INTO glpi_profilerights (profiles_id, name, rights) VALUES (2, 'affecter_localisation_equipement', 1);
INSERT INTO glpi_profilerights (profiles_id, name, rights) VALUES (2, 'modifier_statut_ticket',           1);
INSERT INTO glpi_profilerights (profiles_id, name, rights) VALUES (2, 'ajouter_utilisateur_lambda',       0);
INSERT INTO glpi_profilerights (profiles_id, name, rights) VALUES (2, 'ajouter_technicien',               0);
INSERT INTO glpi_profilerights (profiles_id, name, rights) VALUES (2, 'ajouter_admin',                    0);
INSERT INTO glpi_profilerights (profiles_id, name, rights) VALUES (2, 'supprimer_utilisateur_lambda',     0);
INSERT INTO glpi_profilerights (profiles_id, name, rights) VALUES (2, 'supprimer_technicien',             0);
INSERT INTO glpi_profilerights (profiles_id, name, rights) VALUES (2, 'supprimer_admin',                  0);
INSERT INTO glpi_profilerights (profiles_id, name, rights) VALUES (2, 'ajouter_lambda_autre_site',        0);
INSERT INTO glpi_profilerights (profiles_id, name, rights) VALUES (2, 'ajouter_tech_ou_admin_autre_site', 0);
INSERT INTO glpi_profilerights (profiles_id, name, rights) VALUES (2, 'affecter_technicien_equipement',   0);
INSERT INTO glpi_profilerights (profiles_id, name, rights) VALUES (2, 'creer_ticket',                     0);
INSERT INTO glpi_profilerights (profiles_id, name, rights) VALUES (2, 'v_admin_tickets_en_retard',        0);
INSERT INTO glpi_profilerights (profiles_id, name, rights) VALUES (2, 'v_admin_equipements_inactifs',     0);
INSERT INTO glpi_profilerights (profiles_id, name, rights) VALUES (2, 'v_admin_charge_techniciens',       0);
INSERT INTO glpi_profilerights (profiles_id, name, rights) VALUES (2, 'mv_charge_techniciens',            0);
INSERT INTO glpi_profilerights (profiles_id, name, rights) VALUES (2, 'v_read_tickets_non_resolus',       0);
INSERT INTO glpi_profilerights (profiles_id, name, rights) VALUES (2, 'mv_read_parc_par_site',            0);
INSERT INTO glpi_profilerights (profiles_id, name, rights) VALUES (2, 'v_global_equipements',             0);
INSERT INTO glpi_profilerights (profiles_id, name, rights) VALUES (2, 'v_global_users',                   0);
INSERT INTO glpi_profilerights (profiles_id, name, rights) VALUES (2, 'v_global_tickets',                 0);

-- ---- Profil Lecture seule (id=3) --------------------------------------------
INSERT INTO glpi_profilerights (profiles_id, name, rights) VALUES (3, 'v_read_tickets_non_resolus', 1);
INSERT INTO glpi_profilerights (profiles_id, name, rights) VALUES (3, 'mv_read_parc_par_site',      1);
INSERT INTO glpi_profilerights (profiles_id, name, rights) VALUES (3, 'v_global_equipements',       1);
INSERT INTO glpi_profilerights (profiles_id, name, rights) VALUES (3, 'v_global_users',             1);
INSERT INTO glpi_profilerights (profiles_id, name, rights) VALUES (3, 'v_global_tickets',           1);
INSERT INTO glpi_profilerights (profiles_id, name, rights) VALUES (3, 'v_tech_tickets_actifs',            0);
INSERT INTO glpi_profilerights (profiles_id, name, rights) VALUES (3, 'v_admin_tickets_en_retard',        0);
INSERT INTO glpi_profilerights (profiles_id, name, rights) VALUES (3, 'v_admin_equipements_inactifs',     0);
INSERT INTO glpi_profilerights (profiles_id, name, rights) VALUES (3, 'v_admin_charge_techniciens',       0);
INSERT INTO glpi_profilerights (profiles_id, name, rights) VALUES (3, 'mv_charge_techniciens',            0);
INSERT INTO glpi_profilerights (profiles_id, name, rights) VALUES (3, 'ajouter_utilisateur_lambda',       0);
INSERT INTO glpi_profilerights (profiles_id, name, rights) VALUES (3, 'ajouter_technicien',               0);
INSERT INTO glpi_profilerights (profiles_id, name, rights) VALUES (3, 'ajouter_admin',                    0);
INSERT INTO glpi_profilerights (profiles_id, name, rights) VALUES (3, 'supprimer_utilisateur_lambda',     0);
INSERT INTO glpi_profilerights (profiles_id, name, rights) VALUES (3, 'supprimer_technicien',             0);
INSERT INTO glpi_profilerights (profiles_id, name, rights) VALUES (3, 'supprimer_admin',                  0);
INSERT INTO glpi_profilerights (profiles_id, name, rights) VALUES (3, 'ajouter_lambda_autre_site',        0);
INSERT INTO glpi_profilerights (profiles_id, name, rights) VALUES (3, 'ajouter_tech_ou_admin_autre_site', 0);
INSERT INTO glpi_profilerights (profiles_id, name, rights) VALUES (3, 'ajouter_equipement',               0);
INSERT INTO glpi_profilerights (profiles_id, name, rights) VALUES (3, 'changer_statut_equipement',        0);
INSERT INTO glpi_profilerights (profiles_id, name, rights) VALUES (3, 'affecter_localisation_equipement', 0);
INSERT INTO glpi_profilerights (profiles_id, name, rights) VALUES (3, 'affecter_technicien_equipement',   0);
INSERT INTO glpi_profilerights (profiles_id, name, rights) VALUES (3, 'modifier_statut_ticket',           0);
INSERT INTO glpi_profilerights (profiles_id, name, rights) VALUES (3, 'creer_ticket',                     0);

-- =============================================================================
-- 3. RESEAUX PAR SITE
-- =============================================================================
INSERT INTO glpi_networks (name, entities_id) VALUES ('10.1.0.0/24', 1);
INSERT INTO glpi_networks (name, entities_id) VALUES ('10.2.0.0/24', 2);

-- =============================================================================
-- 4. LOCALISATIONS DE BASE
-- =============================================================================
-- Cergy (entities_id = 1)
INSERT INTO glpi_locations (entities_id, name) VALUES (1, 'LOC-1');   -- Salle Informatique A101
INSERT INTO glpi_locations (entities_id, name) VALUES (1, 'LOC-2');   -- Salle Informatique A102
INSERT INTO glpi_locations (entities_id, name) VALUES (1, 'LOC-3');   -- Salle Informatique B201
INSERT INTO glpi_locations (entities_id, name) VALUES (1, 'LOC-4');   -- Bureau Technicien IT
INSERT INTO glpi_locations (entities_id, name) VALUES (1, 'LOC-5');   -- Salle de Cours C301
INSERT INTO glpi_locations (entities_id, name) VALUES (1, 'LOC-6');   -- Amphitheatre D001
INSERT INTO glpi_locations (entities_id, name) VALUES (1, 'LOC-7');   -- Bibliotheque E101
INSERT INTO glpi_locations (entities_id, name) VALUES (1, 'LOC-8');   -- Salle Serveurs

-- Pau (entities_id = 2)
INSERT INTO glpi_locations (entities_id, name) VALUES (2, 'LOC-9');   -- Salle Informatique P101
INSERT INTO glpi_locations (entities_id, name) VALUES (2, 'LOC-10');  -- Salle Informatique P102
INSERT INTO glpi_locations (entities_id, name) VALUES (2, 'LOC-11');  -- Salle Informatique P201
INSERT INTO glpi_locations (entities_id, name) VALUES (2, 'LOC-12');  -- Bureau Technicien IT
INSERT INTO glpi_locations (entities_id, name) VALUES (2, 'LOC-13');  -- Salle de Cours P301
INSERT INTO glpi_locations (entities_id, name) VALUES (2, 'LOC-14');  -- Amphitheatre P001
INSERT INTO glpi_locations (entities_id, name) VALUES (2, 'LOC-15');  -- Bibliotheque P101
INSERT INTO glpi_locations (entities_id, name) VALUES (2, 'LOC-16');  -- Salle Serveurs

COMMIT;






-- =============================================================================
-- GLPI CY Tech - AUDIT DE PERFORMANCE V2 (INSERTS PURS + VUES METIER)
-- =============================================================================

-- Configuration du rendu SQL*Plus
SET LINESIZE 200;
SET PAGESIZE 2000;
SET TRIMSPOOL ON;

-- Enregistrement direct dans ton dossier cible  FIO A MODIFIER SELON VOTRE DOSSIER SOUHAITE 
SPOOL C:\Users\fiori\Documents\cours\Ing2\TAD\rapport_performances.txt 

PROMPT =========================================================================
PROMPT RAPPORT D'AUDIT : ANALYSE DES INSERTS (PROCÉDURES D'AJOUT)
PROMPT =========================================================================
PROMPT 

PROMPT === 1. SIMULATION : ajouter_admin / ajouter_technicien (Création de l'utilisateur) ===
EXPLAIN PLAN FOR
INSERT INTO glpi_users (pseudo, realname, firstname, is_active, entities_id) 
VALUES ('ADMIN_TEST', 'NomAdmin', 'PrenomAdmin', 1, 1);
SELECT * FROM TABLE(DBMS_XPLAN.DISPLAY);

PROMPT === 2. SIMULATION : ajouter_admin / ajouter_technicien (Attribution du rôle/profil) ===
EXPLAIN PLAN FOR
INSERT INTO glpi_profiles_users (users_id, profiles_id, entities_id) 
VALUES (999, 1, 1);
SELECT * FROM TABLE(DBMS_XPLAN.DISPLAY);

PROMPT === 3. SIMULATION : ajouter_utilisateur_lambda (Insertion d'un étudiant) ===
EXPLAIN PLAN FOR
INSERT INTO glpi_users (pseudo, realname, firstname, is_active, entities_id) 
VALUES ('UC999', 'Etudiant', 'Test', 1, 1);
SELECT * FROM TABLE(DBMS_XPLAN.DISPLAY);

PROMPT === 4. SIMULATION : ajouter_equipement (Création dans la table Mère) ===
EXPLAIN PLAN FOR
INSERT INTO glpi_equipments (name, itemtype, entities_id, locations_id) 
VALUES ('EQ-TEST-99', 'Computer', 1, 1);
SELECT * FROM TABLE(DBMS_XPLAN.DISPLAY);

PROMPT === 5. SIMULATION : ajouter_equipement (Création dans la table Fille - Héritage) ===
EXPLAIN PLAN FOR
INSERT INTO glpi_computers (id, serial, states_id) 
VALUES (999, 'SN-REFAIT-01', 1);
SELECT * FROM TABLE(DBMS_XPLAN.DISPLAY);

PROMPT === 6. SIMULATION : creer_ticket (Insertion du ticket Helpdesk) ===
EXPLAIN PLAN FOR
INSERT INTO glpi_tickets (name, content, status, entities_id, equipment_id, users_id)
VALUES ('Panne Écran', 'Rien ne s affiche', 1, 1, 999, 999);
SELECT * FROM TABLE(DBMS_XPLAN.DISPLAY);


PROMPT =========================================================================
PROMPT RAPPORT D'AUDIT : ANALYSE DES VUES MÉTIERS (TABLEAUX DE BORD)
PROMPT =========================================================================
PROMPT

PROMPT === 7. VUE LOCAL : v_admin_charge_techniciens ===
PROMPT (Analyse du code de la vue : Jointures triples + GROUP BY + COUNT)
PROMPT (Très coûteux sans index car Oracle doit scanner et trier tout le parc)
EXPLAIN PLAN FOR
SELECT u.pseudo, COUNT(c.id) AS nb_ordinateurs
FROM glpi_users u
JOIN glpi_computers c ON u.id = c.users_id_tech
JOIN glpi_equipments eq ON eq.id = c.id
WHERE eq.entities_id = 1
GROUP BY u.pseudo;
SELECT * FROM TABLE(DBMS_XPLAN.DISPLAY);

PROMPT === 8. VUE DISTRIBUÉE BDDR : v_global_equipements ===
PROMPT (Analyse du code de la vue globale : Opérateur UNION ALL de rassemblement)
EXPLAIN PLAN FOR
SELECT id, name, itemtype, entities_id, 'LOCAL' AS localisation FROM glpi_equipments WHERE entities_id = 1
UNION ALL
SELECT id, name, itemtype, entities_id, 'DISTANT' AS localisation FROM glpi_equipments WHERE entities_id = 2;
SELECT * FROM TABLE(DBMS_XPLAN.DISPLAY);


PROMPT =========================================================================
PROMPT RAPPORT D'AUDIT : LES ALGORITHMES DE REPARTITION (UPDATE/SELECT)
PROMPT =========================================================================
PROMPT

PROMPT === 9. SIMULATION : get_equip_technicien (UNION ALL sur tables filles) ===
EXPLAIN PLAN FOR
SELECT id FROM glpi_computers WHERE users_id_tech = 42
UNION ALL
SELECT id FROM glpi_printers WHERE users_id_tech = 42;
SELECT * FROM TABLE(DBMS_XPLAN.DISPLAY);

PROMPT === 10. SIMULATION : repartition_charge (NOT EXISTS + SOUS-REQUÊTE CORRÉLÉE) ===
PROMPT (La requête la plus complexe : cherche les PC sans tickets bloquants)
EXPLAIN PLAN FOR
SELECT eq.id
FROM glpi_equipments eq
JOIN glpi_computers c ON c.id = eq.id
WHERE c.users_id_tech = 42 AND eq.entities_id = 1
AND NOT EXISTS (
    SELECT 1 FROM glpi_tickets t
    WHERE t.equipment_id = eq.id AND t.status IN (2, 3)
);
SELECT * FROM TABLE(DBMS_XPLAN.DISPLAY);

PROMPT =========================================================================
PROMPT FIN DE L'AUDIT QUANTITATIF
PROMPT =========================================================================

SPOOL OFF;
